scientificName,Rodent_attributed_final,Lethal_program_in_support,None,Not_in_support,Population_with_data_in_support,Population_without_data_in_support,Population_with_all_qualities_in_support,Predation_in_support,synth_col
Acrocephalus aequinoctialis,All rodents,0,1,0,0,0,0,0,No studies found
Acrocephalus aequinoctialis,Rattus norvegicus,0,1,0,0,0,0,0,No studies found
Acrocephalus aequinoctialis,Rattus rattus,0,1,0,0,0,0,0,No studies found
Acrocephalus brevipennis,All rodents,0,1,0,0,0,0,0,No studies found
Acrocephalus brevipennis,Rattus norvegicus,0,1,0,0,0,0,0,No studies found
Acrocephalus brevipennis,Rattus rattus,0,1,0,0,0,0,0,No studies found
Acrocephalus caffer,All rodents,0,1,2,0,0,0,0,All studies are not in support
Acrocephalus caffer,Rattus exulans,0,0,1,0,0,0,0,All studies are not in support
Acrocephalus caffer,Rattus norvegicus,0,1,0,0,0,0,0,No studies found
Acrocephalus caffer,Rattus rattus,0,0,1,0,0,0,0,All studies are not in support
Acrocephalus hiwae,All rodents,0,1,0,0,0,0,0,No studies found
Acrocephalus hiwae,Rattus norvegicus,0,1,0,0,0,0,0,No studies found
Acrocephalus kerearako,All rodents,0,1,0,0,0,0,0,No studies found
Acrocephalus kerearako,Rattus exulans,0,1,0,0,0,0,0,No studies found
Acrocephalus kerearako,Rattus rattus,0,1,0,0,0,0,0,No studies found
Acrocephalus longirostris,All rodents,0,1,0,0,0,0,0,No studies found
Acrocephalus longirostris,Rattus exulans,0,1,0,0,0,0,0,No studies found
Acrocephalus longirostris,Rattus norvegicus,0,1,0,0,0,0,0,No studies found
Acrocephalus longirostris,Rattus rattus,0,1,0,0,0,0,0,No studies found
Acrocephalus musae,All rodents,0,1,0,0,0,0,0,No studies found
Acrocephalus musae,Rattus exulans,0,1,0,0,0,0,0,No studies found
Acrocephalus musae,Rattus norvegicus,0,1,0,0,0,0,0,No studies found
Acrocephalus musae,Rattus rattus,0,1,0,0,0,0,0,No studies found
Acrocephalus nijoi,All rodents,0,1,0,0,0,0,0,No studies found
Acrocephalus nijoi,Rattus exulans,0,1,0,0,0,0,0,No studies found
Acrocephalus rehsei,All rodents,0,1,0,0,0,0,0,No studies found
Acrocephalus rehsei,Rattus exulans,0,1,0,0,0,0,0,No studies found
Acrocephalus rehsei,Rattus rattus,0,1,0,0,0,0,0,No studies found
Acrocephalus rimitarae,All rodents,0,1,0,0,0,0,0,No studies found
Acrocephalus rimitarae,Rattus exulans,0,1,0,0,0,0,0,No studies found
Acrocephalus rimitarae,Rattus norvegicus,0,1,0,0,0,0,0,No studies found
Acrocephalus rodericanus,All rodents,0,1,0,0,0,0,0,No studies found
Acrocephalus rodericanus,Rattus norvegicus,0,1,0,0,0,0,0,No studies found
Acrocephalus rodericanus,Rattus rattus,0,1,0,0,0,0,0,No studies found
Acrocephalus vaughani,All rodents,0,1,0,0,0,0,0,No studies found
Acrocephalus vaughani,Rattus norvegicus,0,1,0,0,0,0,0,No studies found
Aegotheles savesi,All rodents,0,1,0,0,0,0,0,No studies found
Aegotheles savesi,Rattus exulans,0,1,0,0,0,0,0,No studies found
Aegotheles savesi,Rattus norvegicus,0,1,0,0,0,0,0,No studies found
Aegotheles savesi,Rattus rattus,0,1,0,0,0,0,0,No studies found
Aerodramus bartschi,All rodents,1,0,1,0,0,0,1,Lethal program in support
Aerodramus bartschi,Rattus rattus,1,0,1,0,0,0,1,Lethal program in support
Agelaius xanthomus,All rodents,0,1,0,0,0,0,0,No studies found
Agelaius xanthomus,Rattus rattus,0,1,0,0,0,0,0,No studies found
Alectroenas payandeei,All rodents,0,0,0,0,1,0,0,Population study without data in support
Alectroenas payandeei,Rattus rattus,0,0,0,0,1,0,0,Population study without data in support
Alexandrinus eques,All rodents,0,1,0,0,0,0,0,No studies found
Alexandrinus eques,Rattus rattus,0,1,0,0,0,0,0,No studies found
Amaurocichla bocagii,All rodents,0,1,0,0,0,0,0,No studies found
Amaurocichla bocagii,Rattus rattus,0,1,0,0,0,0,0,No studies found
Amazona agilis,All rodents,0,1,0,0,0,0,0,No studies found
Amazona agilis,Rattus norvegicus,0,1,0,0,0,0,0,No studies found
Amazona agilis,Rattus rattus,0,1,0,0,0,0,0,No studies found
Amazona collaria,All rodents,0,1,0,0,0,0,0,No studies found
Amazona collaria,Rattus norvegicus,0,1,0,0,0,0,0,No studies found
Amazona collaria,Rattus rattus,0,1,0,0,0,0,0,No studies found
Amazona vittata,All rodents,0,0,0,0,0,0,1,Only predation in support
Amazona vittata,Rattus rattus,0,0,0,0,0,0,1,Only predation in support
Amytornis woodwardi,All rodents,0,1,0,0,0,0,0,No studies found
Amytornis woodwardi,Rattus rattus,0,1,0,0,0,0,0,No studies found
Anas eatoni,All rodents,0,1,0,0,0,0,0,No studies found
Anas eatoni,Rattus norvegicus,0,1,0,0,0,0,0,No studies found
Anas laysanensis,All rodents,0,0,3,0,0,0,0,All studies are not in support
Anas laysanensis,Rattus exulans,0,0,1,0,0,0,0,All studies are not in support
Anas laysanensis,Rattus norvegicus,0,0,1,0,0,0,0,All studies are not in support
Anas laysanensis,Rattus rattus,0,0,1,0,0,0,0,All studies are not in support
Anas melleri,All rodents,0,1,0,0,0,0,0,No studies found
Anas melleri,Rattus norvegicus,0,1,0,0,0,0,0,No studies found
Anas melleri,Rattus rattus,0,1,0,0,0,0,0,No studies found
Anas nesiotis,All rodents,0,1,0,0,0,0,0,No studies found
Anas nesiotis,Rattus norvegicus,0,1,0,0,0,0,0,No studies found
Anas wyvilliana,All rodents,0,0,0,0,0,0,3,Only predation in support
Anas wyvilliana,Rattus exulans,0,0,0,0,0,0,1,Only predation in support
Anas wyvilliana,Rattus norvegicus,0,0,0,0,0,0,1,Only predation in support
Anas wyvilliana,Rattus rattus,0,0,0,0,0,0,1,Only predation in support
Anthornis melanocephala,All rodents,0,1,0,0,0,0,0,No studies found
Anthornis melanocephala,Rattus exulans,0,1,0,0,0,0,0,No studies found
Anthornis melanocephala,Rattus norvegicus,0,1,0,0,0,0,0,No studies found
Anthornis melanocephala,Rattus rattus,0,1,0,0,0,0,0,No studies found
Apalopteron familiare,All rodents,0,1,1,0,0,0,1,Only predation in support
Apalopteron familiare,Rattus norvegicus,0,1,0,0,0,0,0,No studies found
Apalopteron familiare,Rattus rattus,0,0,1,0,0,0,1,Only predation in support
Aphrastura masafuerae,All rodents,0,1,0,0,0,0,0,No studies found
Aphrastura masafuerae,Mus musculus,0,1,0,0,0,0,0,No studies found
Aphrastura masafuerae,Rattus norvegicus,0,1,0,0,0,0,0,No studies found
Aphrastura masafuerae,Rattus rattus,0,1,0,0,0,0,0,No studies found
Aplonis cinerascens,All rodents,0,1,0,0,0,0,0,No studies found
Aplonis cinerascens,Rattus rattus,0,1,0,0,0,0,0,No studies found
Aplonis corvina,All rodents,0,1,0,0,0,0,0,No studies found
Aplonis corvina,Rattus exulans,0,1,0,0,0,0,0,No studies found
Aplonis corvina,Rattus rattus,0,1,0,0,0,0,0,No studies found
Aplonis fusca,All rodents,0,0,1,0,1,0,0,Population study without data in support
Aplonis fusca,Rattus rattus,0,0,1,0,1,0,0,Population study without data in support
Aplonis mavornata,All rodents,0,1,0,0,0,0,0,No studies found
Aplonis mavornata,Rattus norvegicus,0,1,0,0,0,0,0,No studies found
Aplonis pelzelni,All rodents,0,1,0,0,0,0,0,No studies found
Aplonis pelzelni,Rattus exulans,0,1,0,0,0,0,0,No studies found
Aplonis pelzelni,Rattus rattus,0,1,0,0,0,0,0,No studies found
Aplonis santovestris,All rodents,0,1,0,0,0,0,0,No studies found
Aplonis santovestris,Rattus exulans,0,1,0,0,0,0,0,No studies found
Aplonis santovestris,Rattus norvegicus,0,1,0,0,0,0,0,No studies found
Aplonis santovestris,Rattus rattus,0,1,0,0,0,0,0,No studies found
Aplonis ulietensis,All rodents,0,0,0,0,1,0,0,Population study without data in support
Aplonis ulietensis,Rattus norvegicus,0,0,0,0,1,0,0,Population study without data in support
Apteryx mantelli,All rodents,0,0,3,0,0,0,0,All studies are not in support
Apteryx mantelli,Rattus exulans,0,0,1,0,0,0,0,All studies are not in support
Apteryx mantelli,Rattus norvegicus,0,0,1,0,0,0,0,All studies are not in support
Apteryx mantelli,Rattus rattus,0,0,1,0,0,0,0,All studies are not in support
Ardenna carneipes,All rodents,0,0,1,0,1,0,0,Population study without data in support
Ardenna carneipes,Rattus norvegicus,0,0,1,0,0,0,0,All studies are not in support
Ardenna carneipes,Rattus rattus,0,0,0,0,1,0,0,Population study without data in support
Ardenna creatopus,All rodents,0,0,2,0,0,0,0,All studies are not in support
Ardenna creatopus,Rattus norvegicus,0,0,1,0,0,0,0,All studies are not in support
Ardenna creatopus,Rattus rattus,0,0,1,0,0,0,0,All studies are not in support
Ardenna grisea,All rodents,0,1,0,0,1,0,0,Population study without data in support
Ardenna grisea,Rattus norvegicus,0,0,0,0,1,0,0,Population study without data in support
Ardenna grisea,Rattus rattus,0,1,0,0,0,0,0,No studies found
Ardeola idae,All rodents,0,0,0,0,0,0,2,Only predation in support
Ardeola idae,Rattus norvegicus,0,0,0,0,0,0,1,Only predation in support
Ardeola idae,Rattus rattus,0,0,0,0,0,0,1,Only predation in support
Aythya innotata,All rodents,0,1,0,0,0,0,0,No studies found
Aythya innotata,Rattus norvegicus,0,1,0,0,0,0,0,No studies found
Aythya innotata,Rattus rattus,0,1,0,0,0,0,0,No studies found
Bostrychia bocagei,All rodents,0,1,0,0,0,0,0,No studies found
Bostrychia bocagei,Rattus rattus,0,1,0,0,0,0,0,No studies found
Branta sandvicensis,All rodents,0,0,0,0,0,0,3,Only predation in support
Branta sandvicensis,Rattus exulans,0,0,0,0,0,0,1,Only predation in support
Branta sandvicensis,Rattus norvegicus,0,0,0,0,0,0,1,Only predation in support
Branta sandvicensis,Rattus rattus,0,0,0,0,0,0,1,Only predation in support
Bulweria fallax,All rodents,0,0,2,0,0,0,0,All studies are not in support
Bulweria fallax,Rattus norvegicus,0,0,1,0,0,0,0,All studies are not in support
Bulweria fallax,Rattus rattus,0,0,1,0,0,0,0,All studies are not in support
Cabalus modestus,All rodents,0,1,0,0,0,0,0,No studies found
Cabalus modestus,Rattus exulans,0,1,0,0,0,0,0,No studies found
Cabalus modestus,Rattus norvegicus,0,1,0,0,0,0,0,No studies found
Cabalus modestus,Rattus rattus,0,1,0,0,0,0,0,No studies found
Callaeas cinereus,All rodents,0,0,0,0,0,1,2,Population study with all qualities in support
Callaeas cinereus,Rattus rattus,0,0,0,0,0,1,2,Population study with all qualities in support
Calonectris leucomelas,All rodents,0,0,0,0,0,0,6,Only predation in support
Calonectris leucomelas,Rattus norvegicus,0,0,0,0,0,0,3,Only predation in support
Calonectris leucomelas,Rattus rattus,0,0,0,0,0,0,3,Only predation in support
Calyptophilus tertius,All rodents,0,1,0,0,0,0,0,No studies found
Calyptophilus tertius,Rattus norvegicus,0,1,0,0,0,0,0,No studies found
Calyptophilus tertius,Rattus rattus,0,1,0,0,0,0,0,No studies found
Carpodacus ferreorostris,All rodents,0,1,0,0,0,0,0,No studies found
Carpodacus ferreorostris,Rattus norvegicus,0,1,0,0,0,0,0,No studies found
Carpodacus ferreorostris,Rattus rattus,0,1,0,0,0,0,0,No studies found
Catharus bicknelli,All rodents,0,0,0,0,0,0,1,Only predation in support
Catharus bicknelli,Rattus rattus,0,0,0,0,0,0,1,Only predation in support
Certhidea olivacea,All rodents,0,1,0,0,0,0,0,No studies found
Certhidea olivacea,Rattus norvegicus,0,1,0,0,0,0,0,No studies found
Certhidea olivacea,Rattus rattus,0,1,0,0,0,0,0,No studies found
Charadrius obscurus,All rodents,0,1,2,0,0,0,1,Only predation in support
Charadrius obscurus,Rattus exulans,0,1,0,0,0,0,0,No studies found
Charadrius obscurus,Rattus norvegicus,0,0,1,0,0,0,1,Only predation in support
Charadrius obscurus,Rattus rattus,0,0,1,0,0,0,0,All studies are not in support
Charadrius sanctaehelenae,All rodents,0,0,2,0,0,0,2,Only predation in support
Charadrius sanctaehelenae,Rattus norvegicus,0,0,1,0,0,0,1,Only predation in support
Charadrius sanctaehelenae,Rattus rattus,0,0,1,0,0,0,1,Only predation in support
Charmosyna amabilis,All rodents,0,1,0,0,0,0,0,No studies found
Charmosyna amabilis,Rattus rattus,0,1,0,0,0,0,0,No studies found
Charmosyna diadema,All rodents,0,1,0,0,0,0,0,No studies found
Charmosyna diadema,Rattus exulans,0,1,0,0,0,0,0,No studies found
Charmosyna diadema,Rattus norvegicus,0,1,0,0,0,0,0,No studies found
Charmosyna diadema,Rattus rattus,0,1,0,0,0,0,0,No studies found
Chasiempis ibidis,All rodents,0,0,0,1,1,1,1,Population study with all qualities in support
Chasiempis ibidis,Rattus rattus,0,0,0,1,1,1,1,Population study with all qualities in support
Chasiempis sclateri,All rodents,0,1,1,0,0,0,0,All studies are not in support
Chasiempis sclateri,Rattus exulans,0,1,0,0,0,0,0,No studies found
Chasiempis sclateri,Rattus norvegicus,0,1,0,0,0,0,0,No studies found
Chasiempis sclateri,Rattus rattus,0,0,1,0,0,0,0,All studies are not in support
Chenonetta finschi,All rodents,0,1,0,0,0,0,0,No studies found
Chenonetta finschi,Rattus exulans,0,1,0,0,0,0,0,No studies found
Chlidonias albostriatus,All rodents,0,0,2,0,0,0,3,Only predation in support
Chlidonias albostriatus,Rattus norvegicus,0,0,2,0,0,0,1,Only predation in support
Chlidonias albostriatus,Rattus rattus,0,0,0,0,0,0,2,Only predation in support
Chlorodrepanis stejnegeri,All rodents,0,1,0,0,0,0,0,No studies found
Chlorodrepanis stejnegeri,Mus musculus,0,1,0,0,0,0,0,No studies found
Chlorodrepanis stejnegeri,Rattus exulans,0,1,0,0,0,0,0,No studies found
Chlorodrepanis stejnegeri,Rattus norvegicus,0,1,0,0,0,0,0,No studies found
Chlorodrepanis stejnegeri,Rattus rattus,0,1,0,0,0,0,0,No studies found
Cinclodes antarcticus,All rodents,0,0,0,1,0,1,0,Population study with all qualities in support
Cinclodes antarcticus,Rattus norvegicus,0,0,0,1,0,1,0,Population study with all qualities in support
Cinclodes maculirostris,All rodents,0,0,0,0,1,0,0,Population study without data in support
Cinclodes maculirostris,Rattus norvegicus,0,0,0,0,1,0,0,Population study without data in support
Cincloramphus grosvenori,All rodents,0,1,0,0,0,0,0,No studies found
Cincloramphus grosvenori,Rattus rattus,0,1,0,0,0,0,0,No studies found
Cincloramphus llaneae,All rodents,0,1,0,0,0,0,0,No studies found
Cincloramphus llaneae,Rattus exulans,0,1,0,0,0,0,0,No studies found
Cincloramphus llaneae,Rattus rattus,0,1,0,0,0,0,0,No studies found
Cincloramphus rufus,All rodents,0,1,0,0,0,0,0,No studies found
Cincloramphus rufus,Rattus rattus,0,1,0,0,0,0,0,No studies found
Ciridops anna,All rodents,0,1,0,0,0,0,0,No studies found
Ciridops anna,Rattus exulans,0,1,0,0,0,0,0,No studies found
Ciridops anna,Rattus norvegicus,0,1,0,0,0,0,0,No studies found
Ciridops anna,Rattus rattus,0,1,0,0,0,0,0,No studies found
Cleptornis marchei,All rodents,0,0,0,0,0,0,2,Only predation in support
Cleptornis marchei,Rattus exulans,0,0,0,0,0,0,1,Only predation in support
Cleptornis marchei,Rattus norvegicus,0,0,0,0,0,0,1,Only predation in support
Clytorhynchus sanctaecrucis,All rodents,0,1,0,0,0,0,0,No studies found
Clytorhynchus sanctaecrucis,Rattus rattus,0,1,0,0,0,0,0,No studies found
Coccyzus bahamensis,All rodents,0,1,0,0,0,0,0,No studies found
Coccyzus bahamensis,Rattus norvegicus,0,1,0,0,0,0,0,No studies found
Coccyzus bahamensis,Rattus rattus,0,1,0,0,0,0,0,No studies found
Coccyzus ferrugineus,All rodents,0,1,0,0,0,0,0,No studies found
Coccyzus ferrugineus,Rattus exulans,0,1,0,0,0,0,0,No studies found
Coenocorypha aucklandica,All rodents,0,1,0,0,0,0,0,No studies found
Coenocorypha aucklandica,Rattus exulans,0,1,0,0,0,0,0,No studies found
Coenocorypha barrierensis,All rodents,0,1,0,0,0,0,0,No studies found
Coenocorypha barrierensis,Rattus exulans,0,1,0,0,0,0,0,No studies found
Coenocorypha iredalei,All rodents,0,1,0,0,1,0,0,Population study without data in support
Coenocorypha iredalei,Rattus exulans,0,1,0,0,0,0,0,No studies found
Coenocorypha iredalei,Rattus rattus,0,0,0,0,1,0,0,Population study without data in support
Coenocorypha pusilla,All rodents,0,1,0,0,0,0,0,No studies found
Coenocorypha pusilla,Rattus exulans,0,1,0,0,0,0,0,No studies found
Coenocorypha pusilla,Rattus norvegicus,0,1,0,0,0,0,0,No studies found
Coenocorypha pusilla,Rattus rattus,0,1,0,0,0,0,0,No studies found
Columba junoniae,All rodents,0,0,0,0,0,0,1,Only predation in support
Columba junoniae,Rattus rattus,0,0,0,0,0,0,1,Only predation in support
Columba thiriouxi,All rodents,0,1,0,0,0,0,0,No studies found
Columba thiriouxi,Rattus rattus,0,1,0,0,0,0,0,No studies found
Columba versicolor,All rodents,0,1,0,0,0,0,0,No studies found
Columba versicolor,Rattus norvegicus,0,1,0,0,0,0,0,No studies found
Columba versicolor,Rattus rattus,0,1,0,0,0,0,0,No studies found
Copsychus sechellarum,All rodents,0,1,1,0,0,0,0,All studies are not in support
Copsychus sechellarum,Rattus norvegicus,0,0,1,0,0,0,0,All studies are not in support
Copsychus sechellarum,Rattus rattus,0,1,0,0,0,0,0,No studies found
Coracopsis barklyi,All rodents,0,1,0,0,0,0,0,No studies found
Coracopsis barklyi,Rattus norvegicus,0,1,0,0,0,0,0,No studies found
Coracopsis barklyi,Rattus rattus,0,1,0,0,0,0,0,No studies found
Corvus hawaiiensis,All rodents,0,1,0,0,0,0,0,No studies found
Corvus hawaiiensis,Rattus exulans,0,1,0,0,0,0,0,No studies found
Corvus hawaiiensis,Rattus norvegicus,0,1,0,0,0,0,0,No studies found
Corvus hawaiiensis,Rattus rattus,0,1,0,0,0,0,0,No studies found
Coturnix novaezelandiae,All rodents,0,1,1,0,0,0,0,All studies are not in support
Coturnix novaezelandiae,Rattus exulans,0,0,1,0,0,0,0,All studies are not in support
Coturnix novaezelandiae,Rattus norvegicus,0,1,0,0,0,0,0,No studies found
Coturnix novaezelandiae,Rattus rattus,0,1,0,0,0,0,0,No studies found
Coua delalandei,All rodents,0,1,0,0,0,0,0,No studies found
Coua delalandei,Rattus norvegicus,0,1,0,0,0,0,0,No studies found
Coua delalandei,Rattus rattus,0,1,0,0,0,0,0,No studies found
Crithagra concolor,All rodents,0,1,0,0,0,0,0,No studies found
Crithagra concolor,Rattus rattus,0,1,0,0,0,0,0,No studies found
Cyanolimnas cerverai,All rodents,0,1,0,0,0,0,0,No studies found
Cyanolimnas cerverai,Rattus norvegicus,0,1,0,0,0,0,0,No studies found
Cyanolimnas cerverai,Rattus rattus,0,1,0,0,0,0,0,No studies found
Cyanoramphus auriceps,All rodents,0,1,1,0,0,0,0,All studies are not in support
Cyanoramphus auriceps,Rattus exulans,0,1,0,0,0,0,0,No studies found
Cyanoramphus auriceps,Rattus norvegicus,0,1,0,0,0,0,0,No studies found
Cyanoramphus auriceps,Rattus rattus,0,0,1,0,0,0,0,All studies are not in support
Cyanoramphus malherbi,All rodents,0,1,0,0,0,0,0,No studies found
Cyanoramphus malherbi,Rattus exulans,0,1,0,0,0,0,0,No studies found
Cyanoramphus malherbi,Rattus norvegicus,0,1,0,0,0,0,0,No studies found
Cyanoramphus malherbi,Rattus rattus,0,1,0,0,0,0,0,No studies found
Cyanoramphus unicolor,All rodents,0,1,0,0,0,0,0,No studies found
Cyanoramphus unicolor,Mus musculus,0,1,0,0,0,0,0,No studies found
Dendrocygna arborea,All rodents,0,1,1,0,0,0,0,All studies are not in support
Dendrocygna arborea,Rattus norvegicus,0,1,0,0,0,0,0,No studies found
Dendrocygna arborea,Rattus rattus,0,0,1,0,0,0,0,All studies are not in support
Dicrurus aldabranus,All rodents,0,1,0,0,0,0,1,Only predation in support
Dicrurus aldabranus,Rattus norvegicus,0,1,0,0,0,0,0,No studies found
Dicrurus aldabranus,Rattus rattus,0,0,0,0,0,0,1,Only predation in support
Dicrurus fuscipennis,All rodents,0,1,0,0,0,0,0,No studies found
Dicrurus fuscipennis,Rattus rattus,0,1,0,0,0,0,0,No studies found
Didunculus strigirostris,All rodents,0,1,0,0,0,0,0,No studies found
Didunculus strigirostris,Rattus exulans,0,1,0,0,0,0,0,No studies found
Didunculus strigirostris,Rattus rattus,0,1,0,0,0,0,0,No studies found
Diomedea dabbenena,All rodents,0,1,3,0,0,0,4,Only predation in support
Diomedea dabbenena,Mus musculus,0,0,2,0,0,0,4,Only predation in support
Diomedea dabbenena,Rattus norvegicus,0,1,0,0,0,0,0,No studies found
Diomedea dabbenena,Rattus rattus,0,0,1,0,0,0,0,All studies are not in support
Diomedea exulans,All rodents,0,0,0,0,0,0,4,Only predation in support
Diomedea exulans,Mus musculus,0,0,0,0,0,0,4,Only predation in support
Drepanis coccinea,All rodents,0,0,6,0,0,0,0,All studies are not in support
Drepanis coccinea,Rattus exulans,0,0,2,0,0,0,0,All studies are not in support
Drepanis coccinea,Rattus norvegicus,0,0,2,0,0,0,0,All studies are not in support
Drepanis coccinea,Rattus rattus,0,0,2,0,0,0,0,All studies are not in support
Drepanis funerea,All rodents,0,1,0,0,0,0,0,No studies found
Drepanis funerea,Rattus exulans,0,1,0,0,0,0,0,No studies found
Drepanis funerea,Rattus norvegicus,0,1,0,0,0,0,0,No studies found
Drepanis funerea,Rattus rattus,0,1,0,0,0,0,0,No studies found
Dryolimnas augusti,All rodents,0,1,0,0,0,0,0,No studies found
Dryolimnas augusti,Rattus rattus,0,1,0,0,0,0,0,No studies found
Ducula aurorae,All rodents,0,0,1,0,0,0,0,All studies are not in support
Ducula aurorae,Rattus rattus,0,0,1,0,0,0,0,All studies are not in support
Ducula galeata,All rodents,0,1,1,0,0,0,0,All studies are not in support
Ducula galeata,Rattus exulans,0,1,0,0,0,0,0,No studies found
Ducula galeata,Rattus rattus,0,0,1,0,0,0,0,All studies are not in support
Ducula pickeringii,All rodents,0,1,0,0,0,0,0,No studies found
Ducula pickeringii,Rattus rattus,0,1,0,0,0,0,0,No studies found
Dysmorodrepanis munroi,All rodents,0,1,0,0,0,0,0,No studies found
Dysmorodrepanis munroi,Rattus exulans,0,1,0,0,0,0,0,No studies found
Dysmorodrepanis munroi,Rattus norvegicus,0,1,0,0,0,0,0,No studies found
Dysmorodrepanis munroi,Rattus rattus,0,1,0,0,0,0,0,No studies found
Elaenia ridleyana,All rodents,0,1,0,0,0,0,0,No studies found
Elaenia ridleyana,Rattus norvegicus,0,1,0,0,0,0,0,No studies found
Elaenia ridleyana,Rattus rattus,0,1,0,0,0,0,0,No studies found
Emberiza jankowskii,All rodents,0,0,0,0,0,0,2,Only predation in support
Emberiza jankowskii,Rattus norvegicus,0,0,0,0,0,0,1,Only predation in support
Emberiza jankowskii,Rattus rattus,0,0,0,0,0,0,1,Only predation in support
Emberiza socotrana,All rodents,0,1,0,0,0,0,0,No studies found
Emberiza socotrana,Rattus rattus,0,1,0,0,0,0,0,No studies found
Eudyptes chrysolophus,All rodents,0,1,0,0,0,0,0,No studies found
Eudyptes chrysolophus,Mus musculus,0,1,0,0,0,0,0,No studies found
Eudyptes chrysolophus,Rattus norvegicus,0,1,0,0,0,0,0,No studies found
Eudyptes moseleyi,All rodents,0,0,4,0,0,0,0,All studies are not in support
Eudyptes moseleyi,Mus musculus,0,0,1,0,0,0,0,All studies are not in support
Eudyptes moseleyi,Rattus norvegicus,0,0,1,0,0,0,0,All studies are not in support
Eudyptes moseleyi,Rattus rattus,0,0,2,0,0,0,0,All studies are not in support
Eudyptes pachyrhynchus,All rodents,0,1,0,0,0,0,0,No studies found
Eudyptes pachyrhynchus,Rattus exulans,0,1,0,0,0,0,0,No studies found
Eudyptes pachyrhynchus,Rattus norvegicus,0,1,0,0,0,0,0,No studies found
Eudyptes pachyrhynchus,Rattus rattus,0,1,0,0,0,0,0,No studies found
Eunymphicus cornutus,All rodents,0,0,0,0,0,0,1,Only predation in support
Eunymphicus cornutus,Rattus rattus,0,0,0,0,0,0,1,Only predation in support
Eurostopodus exul,All rodents,0,1,0,0,0,0,0,No studies found
Eurostopodus exul,Rattus exulans,0,1,0,0,0,0,0,No studies found
Eurostopodus exul,Rattus norvegicus,0,1,0,0,0,0,0,No studies found
Eurostopodus exul,Rattus rattus,0,1,0,0,0,0,0,No studies found
Falco araeus,All rodents,0,1,0,0,0,0,0,No studies found
Falco araeus,Rattus norvegicus,0,1,0,0,0,0,0,No studies found
Falco araeus,Rattus rattus,0,1,0,0,0,0,0,No studies found
Falco punctatus,All rodents,0,0,0,0,0,0,1,Only predation in support
Falco punctatus,Rattus rattus,0,0,0,0,0,0,1,Only predation in support
Ferminia cerverai,All rodents,0,1,0,0,0,0,0,No studies found
Ferminia cerverai,Rattus norvegicus,0,1,0,0,0,0,0,No studies found
Ferminia cerverai,Rattus rattus,0,1,0,0,0,0,0,No studies found
Foudia aldabrana,All rodents,0,0,0,0,0,0,1,Only predation in support
Foudia aldabrana,Rattus rattus,0,0,0,0,0,0,1,Only predation in support
Foudia consobrina,All rodents,0,1,0,0,0,0,0,No studies found
Foudia consobrina,Rattus rattus,0,1,0,0,0,0,0,No studies found
Foudia delloni,All rodents,0,1,0,0,0,0,0,No studies found
Foudia delloni,Rattus norvegicus,0,1,0,0,0,0,0,No studies found
Foudia flavicans,All rodents,0,0,1,0,0,0,1,Only predation in support
Foudia flavicans,Rattus rattus,0,0,1,0,0,0,1,Only predation in support
Foudia rubra,All rodents,0,0,0,0,0,0,1,Only predation in support
Foudia rubra,Rattus rattus,0,0,0,0,0,0,1,Only predation in support
Fratercula arctica,All rodents,0,0,2,1,2,0,2,Population study with data in support
Fratercula arctica,Rattus norvegicus,0,0,1,1,1,0,1,Population study with data in support
Fratercula arctica,Rattus rattus,0,0,1,0,1,0,1,Population study without data in support
Fregata aquila,All rodents,0,1,0,0,0,0,0,No studies found
Fregata aquila,Rattus rattus,0,1,0,0,0,0,0,No studies found
Fregetta maoriana,All rodents,0,1,0,0,0,0,0,No studies found
Fregetta maoriana,Rattus exulans,0,1,0,0,0,0,0,No studies found
Fringilla polatzeki,All rodents,0,0,2,0,0,0,0,All studies are not in support
Fringilla polatzeki,Rattus norvegicus,0,0,1,0,0,0,0,All studies are not in support
Fringilla polatzeki,Rattus rattus,0,0,1,0,0,0,0,All studies are not in support
Fulica alai,All rodents,0,1,0,0,0,0,0,No studies found
Fulica alai,Rattus norvegicus,0,1,0,0,0,0,0,No studies found
Fulica alai,Rattus rattus,0,1,0,0,0,0,0,No studies found
Gallinula comeri,All rodents,0,0,1,0,0,0,0,All studies are not in support
Gallinula comeri,Rattus rattus,0,0,1,0,0,0,0,All studies are not in support
Gallinula nesiotis,All rodents,0,0,1,0,0,0,0,All studies are not in support
Gallinula nesiotis,Rattus rattus,0,0,1,0,0,0,0,All studies are not in support
Gallirallus lafresnayanus,All rodents,0,1,0,0,0,0,0,No studies found
Gallirallus lafresnayanus,Rattus exulans,0,1,0,0,0,0,0,No studies found
Gallirallus lafresnayanus,Rattus norvegicus,0,1,0,0,0,0,0,No studies found
Gallirallus lafresnayanus,Rattus rattus,0,1,0,0,0,0,0,No studies found
Geospiza heliobates,All rodents,0,0,0,1,0,0,0,Population study with data in support
Geospiza heliobates,Rattus rattus,0,0,0,1,0,0,0,Population study with data in support
Geospiza pauper,All rodents,0,1,0,0,0,0,0,No studies found
Geospiza pauper,Rattus rattus,0,1,0,0,0,0,0,No studies found
Geospiza psittacula,All rodents,0,1,0,0,0,0,0,No studies found
Geospiza psittacula,Rattus norvegicus,0,1,0,0,0,0,0,No studies found
Geospiza psittacula,Rattus rattus,0,1,0,0,0,0,0,No studies found
Gerygone insularis,All rodents,0,0,0,0,1,0,0,Population study without data in support
Gerygone insularis,Rattus rattus,0,0,0,0,1,0,0,Population study without data in support
Gymnomyza aubryana,All rodents,0,1,0,0,0,0,0,No studies found
Gymnomyza aubryana,Rattus exulans,0,1,0,0,0,0,0,No studies found
Gymnomyza aubryana,Rattus norvegicus,0,1,0,0,0,0,0,No studies found
Gymnomyza aubryana,Rattus rattus,0,1,0,0,0,0,0,No studies found
Gymnomyza samoensis,All rodents,0,1,0,0,0,0,0,No studies found
Gymnomyza samoensis,Rattus exulans,0,1,0,0,0,0,0,No studies found
Haematopus meadewaldoi,All rodents,0,1,0,0,0,0,0,No studies found
Haematopus meadewaldoi,Rattus norvegicus,0,1,0,0,0,0,0,No studies found
Haematopus meadewaldoi,Rattus rattus,0,1,0,0,0,0,0,No studies found
Hemignathus lucidus,All rodents,0,0,0,0,1,0,0,Population study without data in support
Hemignathus lucidus,Rattus rattus,0,0,0,0,1,0,0,Population study without data in support
Hemignathus wilsoni,All rodents,0,1,0,0,0,0,0,No studies found
Hemignathus wilsoni,Rattus exulans,0,1,0,0,0,0,0,No studies found
Hemignathus wilsoni,Rattus norvegicus,0,1,0,0,0,0,0,No studies found
Hemignathus wilsoni,Rattus rattus,0,1,0,0,0,0,0,No studies found
Hemiphaga chathamensis,All rodents,0,1,0,0,0,0,0,No studies found
Hemiphaga chathamensis,Rattus exulans,0,1,0,0,0,0,0,No studies found
Hemiphaga chathamensis,Rattus norvegicus,0,1,0,0,0,0,0,No studies found
Hemiphaga chathamensis,Rattus rattus,0,1,0,0,0,0,0,No studies found
Himantopus novaezelandiae,All rodents,0,1,0,0,0,0,0,No studies found
Himantopus novaezelandiae,Rattus norvegicus,0,1,0,0,0,0,0,No studies found
Horornis haddeni,All rodents,0,1,0,0,0,0,0,No studies found
Horornis haddeni,Rattus rattus,0,1,0,0,0,0,0,No studies found
Humblotia flavirostris,All rodents,0,1,0,0,0,0,0,No studies found
Humblotia flavirostris,Rattus rattus,0,1,0,0,0,0,0,No studies found
Hydrobates cheimomnestes,All rodents,0,1,0,0,0,0,0,No studies found
Hydrobates cheimomnestes,Mus musculus,0,1,0,0,0,0,0,No studies found
Hydrobates homochroa,All rodents,0,0,0,0,1,0,1,Population study without data in support
Hydrobates homochroa,Mus musculus,0,0,0,0,0,0,1,Only predation in support
Hydrobates homochroa,Rattus rattus,0,0,0,0,1,0,0,Population study without data in support
Hydrobates leucorhous,All rodents,0,1,0,0,0,0,0,No studies found
Hydrobates leucorhous,Mus musculus,0,1,0,0,0,0,0,No studies found
Hydrobates leucorhous,Rattus norvegicus,0,1,0,0,0,0,0,No studies found
Hydrobates leucorhous,Rattus rattus,0,1,0,0,0,0,0,No studies found
Hydrobates matsudairae,All rodents,0,1,0,0,0,0,0,No studies found
Hydrobates matsudairae,Rattus rattus,0,1,0,0,0,0,0,No studies found
Hydrobates monorhis,All rodents,0,1,0,0,0,0,0,No studies found
Hydrobates monorhis,Rattus norvegicus,0,1,0,0,0,0,0,No studies found
Hydrobates socorroensis,All rodents,0,1,0,0,0,0,0,No studies found
Hydrobates socorroensis,Mus musculus,0,1,0,0,0,0,0,No studies found
Hymenolaimus malacorhynchos,All rodents,0,0,3,0,0,0,0,All studies are not in support
Hymenolaimus malacorhynchos,Rattus exulans,0,0,1,0,0,0,0,All studies are not in support
Hymenolaimus malacorhynchos,Rattus norvegicus,0,0,1,0,0,0,0,All studies are not in support
Hymenolaimus malacorhynchos,Rattus rattus,0,0,1,0,0,0,0,All studies are not in support
Hypotaenidia dieffenbachii,All rodents,0,1,0,0,0,0,0,No studies found
Hypotaenidia dieffenbachii,Rattus exulans,0,1,0,0,0,0,0,No studies found
Hypotaenidia dieffenbachii,Rattus norvegicus,0,1,0,0,0,0,0,No studies found
Hypotaenidia dieffenbachii,Rattus rattus,0,1,0,0,0,0,0,No studies found
Hypotaenidia pacifica,All rodents,0,1,0,0,0,0,0,No studies found
Hypotaenidia pacifica,Rattus exulans,0,1,0,0,0,0,0,No studies found
Hypotaenidia pacifica,Rattus norvegicus,0,1,0,0,0,0,0,No studies found
Hypotaenidia pacifica,Rattus rattus,0,1,0,0,0,0,0,No studies found
Hypsipetes borbonicus,All rodents,0,1,0,0,0,0,0,No studies found
Hypsipetes borbonicus,Rattus rattus,0,1,0,0,0,0,0,No studies found
Hypsipetes olivaceus,All rodents,0,1,0,0,0,0,0,No studies found
Hypsipetes olivaceus,Rattus norvegicus,0,1,0,0,0,0,0,No studies found
Hypsipetes olivaceus,Rattus rattus,0,1,0,0,0,0,0,No studies found
Icterus northropi,All rodents,0,1,0,0,0,0,0,No studies found
Icterus northropi,Rattus rattus,0,1,0,0,0,0,0,No studies found
Icterus oberi,All rodents,0,0,0,0,0,0,2,Only predation in support
Icterus oberi,Rattus norvegicus,0,0,0,0,0,0,1,Only predation in support
Icterus oberi,Rattus rattus,0,0,0,0,0,0,1,Only predation in support
Lalage newtoni,All rodents,0,0,0,0,0,0,2,Only predation in support
Lalage newtoni,Rattus norvegicus,0,0,0,0,0,0,1,Only predation in support
Lalage newtoni,Rattus rattus,0,0,0,0,0,0,1,Only predation in support
Lanius newtoni,All rodents,0,1,0,0,0,0,0,No studies found
Lanius newtoni,Rattus rattus,0,1,0,0,0,0,0,No studies found
Larosterna inca,All rodents,0,0,0,0,0,0,2,Only predation in support
Larosterna inca,Rattus norvegicus,0,0,0,0,0,0,1,Only predation in support
Larosterna inca,Rattus rattus,0,0,0,0,0,0,1,Only predation in support
Larus audouinii,All rodents,0,0,1,0,0,0,0,All studies are not in support
Larus audouinii,Rattus rattus,0,0,1,0,0,0,0,All studies are not in support
Larus bulleri,All rodents,0,1,0,0,0,0,0,No studies found
Larus bulleri,Rattus norvegicus,0,1,0,0,0,0,0,No studies found
Larus fuliginosus,All rodents,0,0,0,0,0,0,1,Only predation in support
Larus fuliginosus,Rattus rattus,0,0,0,0,0,0,1,Only predation in support
Larus heermanni,All rodents,0,0,0,0,2,0,0,Population study without data in support
Larus heermanni,Mus musculus,0,0,0,0,1,0,0,Population study without data in support
Larus heermanni,Rattus rattus,0,0,0,0,1,0,0,Population study without data in support
Laterallus spilonota,All rodents,0,0,0,0,0,0,2,Only predation in support
Laterallus spilonota,Rattus norvegicus,0,0,0,0,0,0,1,Only predation in support
Laterallus spilonota,Rattus rattus,0,0,0,0,0,0,1,Only predation in support
Leptotila wellsi,All rodents,0,1,0,0,0,0,0,No studies found
Leptotila wellsi,Rattus norvegicus,0,1,0,0,0,0,0,No studies found
Leucocarbo campbelli,All rodents,0,1,0,0,0,0,0,No studies found
Leucocarbo campbelli,Rattus norvegicus,0,1,0,0,0,0,0,No studies found
Lewinia muelleri,All rodents,0,1,0,0,0,0,0,No studies found
Lewinia muelleri,Mus musculus,0,1,0,0,0,0,0,No studies found
Loxioides bailleui,All rodents,0,0,2,0,0,0,1,Only predation in support
Loxioides bailleui,Rattus rattus,0,0,2,0,0,0,1,Only predation in support
Loxops caeruleirostris,All rodents,0,0,3,0,0,0,3,Only predation in support
Loxops caeruleirostris,Rattus exulans,0,0,1,0,0,0,1,Only predation in support
Loxops caeruleirostris,Rattus norvegicus,0,0,1,0,0,0,1,Only predation in support
Loxops caeruleirostris,Rattus rattus,0,0,1,0,0,0,1,Only predation in support
Loxops coccineus,All rodents,0,1,0,0,0,0,0,No studies found
Loxops coccineus,Rattus exulans,0,1,0,0,0,0,0,No studies found
Loxops coccineus,Rattus norvegicus,0,1,0,0,0,0,0,No studies found
Loxops coccineus,Rattus rattus,0,1,0,0,0,0,0,No studies found
Macrocephalon maleo,All rodents,0,1,0,0,0,0,0,No studies found
Macrocephalon maleo,Rattus exulans,0,1,0,0,0,0,0,No studies found
Macrocephalon maleo,Rattus rattus,0,1,0,0,0,0,0,No studies found
Magumma parva,All rodents,0,1,0,0,0,0,0,No studies found
Magumma parva,Rattus exulans,0,1,0,0,0,0,0,No studies found
Magumma parva,Rattus norvegicus,0,1,0,0,0,0,0,No studies found
Magumma parva,Rattus rattus,0,1,0,0,0,0,0,No studies found
Mayrornis versicolor,All rodents,0,1,0,0,0,0,0,No studies found
Mayrornis versicolor,Rattus exulans,0,1,0,0,0,0,0,No studies found
Mayrornis versicolor,Rattus norvegicus,0,1,0,0,0,0,0,No studies found
Mayrornis versicolor,Rattus rattus,0,1,0,0,0,0,0,No studies found
Megapodius laperouse,All rodents,0,0,3,0,0,0,0,All studies are not in support
Megapodius laperouse,Rattus exulans,0,0,1,0,0,0,0,All studies are not in support
Megapodius laperouse,Rattus norvegicus,0,0,1,0,0,0,0,All studies are not in support
Megapodius laperouse,Rattus rattus,0,0,1,0,0,0,0,All studies are not in support
Melamprosops phaeosoma,All rodents,0,1,0,0,0,0,0,No studies found
Melamprosops phaeosoma,Rattus exulans,0,1,0,0,0,0,0,No studies found
Melamprosops phaeosoma,Rattus norvegicus,0,1,0,0,0,0,0,No studies found
Melamprosops phaeosoma,Rattus rattus,0,1,0,0,0,0,0,No studies found
Melanospiza richardsoni,All rodents,0,1,0,0,0,0,0,No studies found
Melanospiza richardsoni,Rattus norvegicus,0,1,0,0,0,0,0,No studies found
Melanospiza richardsoni,Rattus rattus,0,1,0,0,0,0,0,No studies found
Melopyrrha grandis,All rodents,0,1,0,0,0,0,0,No studies found
Melopyrrha grandis,Rattus rattus,0,1,0,0,0,0,0,No studies found
Mergus australis,All rodents,0,1,0,0,0,0,0,No studies found
Mergus australis,Rattus exulans,0,1,0,0,0,0,0,No studies found
Mergus australis,Rattus norvegicus,0,1,0,0,0,0,0,No studies found
Mergus australis,Rattus rattus,0,1,0,0,0,0,0,No studies found
Mesitornis unicolor,All rodents,0,1,0,0,0,0,0,No studies found
Mesitornis unicolor,Rattus norvegicus,0,1,0,0,0,0,0,No studies found
Mesitornis unicolor,Rattus rattus,0,1,0,0,0,0,0,No studies found
Mimus melanotis,All rodents,0,1,0,0,0,0,0,No studies found
Mimus melanotis,Rattus rattus,0,1,0,0,0,0,0,No studies found
Mimus trifasciatus,All rodents,0,0,0,0,0,0,1,Only predation in support
Mimus trifasciatus,Rattus rattus,0,0,0,0,0,0,1,Only predation in support
Moho bishopi,All rodents,0,1,0,0,0,0,0,No studies found
Moho bishopi,Rattus rattus,0,1,0,0,0,0,0,No studies found
Moho braccatus,All rodents,0,1,0,0,0,0,0,No studies found
Moho braccatus,Rattus rattus,0,1,0,0,0,0,0,No studies found
Mohoua ochrocephala,All rodents,0,0,1,3,0,0,0,Population study with data in support
Mohoua ochrocephala,Rattus rattus,0,0,1,3,0,0,0,Population study with data in support
Monias benschi,All rodents,0,1,0,0,0,0,0,No studies found
Monias benschi,Rattus norvegicus,0,1,0,0,0,0,0,No studies found
Monias benschi,Rattus rattus,0,1,0,0,0,0,0,No studies found
Mundia elpenor,All rodents,0,0,1,0,0,0,0,All studies are not in support
Mundia elpenor,Rattus rattus,0,0,1,0,0,0,0,All studies are not in support
Myadestes obscurus,All rodents,0,1,0,0,0,0,0,No studies found
Myadestes obscurus,Rattus exulans,0,1,0,0,0,0,0,No studies found
Myadestes obscurus,Rattus norvegicus,0,1,0,0,0,0,0,No studies found
Myadestes obscurus,Rattus rattus,0,1,0,0,0,0,0,No studies found
Myadestes palmeri,All rodents,1,0,3,0,0,0,7,Lethal program in support
Myadestes palmeri,Rattus exulans,0,0,1,0,0,0,2,Only predation in support
Myadestes palmeri,Rattus norvegicus,0,0,1,0,0,0,2,Only predation in support
Myadestes palmeri,Rattus rattus,1,0,1,0,0,0,3,Lethal program in support
Myzomela chermesina,All rodents,0,1,0,0,0,0,0,No studies found
Myzomela chermesina,Rattus exulans,0,1,0,0,0,0,0,No studies found
Nannopterum harrisi,All rodents,0,1,0,0,0,0,0,No studies found
Nannopterum harrisi,Rattus norvegicus,0,1,0,0,0,0,0,No studies found
Nannopterum harrisi,Rattus rattus,0,1,0,0,0,0,0,No studies found
Nesillas aldabrana,All rodents,0,1,0,0,0,0,0,No studies found
Nesillas aldabrana,Rattus norvegicus,0,1,0,0,0,0,0,No studies found
Nesillas aldabrana,Rattus rattus,0,1,0,0,0,0,0,No studies found
Nesoenas cicur,All rodents,0,1,0,0,0,0,0,No studies found
Nesoenas cicur,Rattus rattus,0,1,0,0,0,0,0,No studies found
Nesoenas duboisi,All rodents,0,1,0,0,0,0,0,No studies found
Nesoenas duboisi,Rattus norvegicus,0,1,0,0,0,0,0,No studies found
Nesoenas duboisi,Rattus rattus,0,1,0,0,0,0,0,No studies found
Nesoenas mayeri,All rodents,0,1,0,0,0,0,0,No studies found
Nesoenas mayeri,Rattus norvegicus,0,1,0,0,0,0,0,No studies found
Nesoenas mayeri,Rattus rattus,0,1,0,0,0,0,0,No studies found
Nesoenas rodericanus,All rodents,0,1,0,0,0,0,0,No studies found
Nesoenas rodericanus,Rattus rattus,0,1,0,0,0,0,0,No studies found
Nesofregetta fuliginosa,All rodents,0,1,0,0,0,0,0,No studies found
Nesofregetta fuliginosa,Rattus exulans,0,1,0,0,0,0,0,No studies found
Nesofregetta fuliginosa,Rattus rattus,0,1,0,0,0,0,0,No studies found
Nesospiza acunhae,All rodents,0,1,0,0,0,0,0,No studies found
Nesospiza acunhae,Mus musculus,0,1,0,0,0,0,0,No studies found
Nestor meridionalis,All rodents,0,1,0,0,0,0,0,No studies found
Nestor meridionalis,Rattus norvegicus,0,1,0,0,0,0,0,No studies found
Notiomystis cincta,All rodents,0,1,0,0,0,0,0,No studies found
Notiomystis cincta,Rattus rattus,0,1,0,0,0,0,0,No studies found
Onychoprion aleuticus,All rodents,0,1,0,0,0,0,0,No studies found
Onychoprion aleuticus,Rattus norvegicus,0,1,0,0,0,0,0,No studies found
Oreomystis bairdi,All rodents,0,0,0,0,0,0,6,Only predation in support
Oreomystis bairdi,Rattus exulans,0,0,0,0,0,0,2,Only predation in support
Oreomystis bairdi,Rattus norvegicus,0,0,0,0,0,0,2,Only predation in support
Oreomystis bairdi,Rattus rattus,0,0,0,0,0,0,2,Only predation in support
Otidiphaps insularis,All rodents,0,1,0,0,0,0,0,No studies found
Otidiphaps insularis,Rattus exulans,0,1,0,0,0,0,0,No studies found
Otus capnodes,All rodents,0,0,1,0,0,0,0,All studies are not in support
Otus capnodes,Rattus rattus,0,0,1,0,0,0,0,All studies are not in support
Otus insularis,All rodents,0,0,0,0,0,0,1,Only predation in support
Otus insularis,Rattus rattus,0,0,0,0,0,0,1,Only predation in support
Otus moheliensis,All rodents,0,1,0,0,0,0,0,No studies found
Otus moheliensis,Rattus rattus,0,1,0,0,0,0,0,No studies found
Otus pauliani,All rodents,0,1,0,0,0,0,0,No studies found
Otus pauliani,Rattus rattus,0,1,0,0,0,0,0,No studies found
Pachycephala jacquinoti,All rodents,0,1,0,0,0,0,0,No studies found
Pachycephala jacquinoti,Rattus exulans,0,1,0,0,0,0,0,No studies found
Pachycephala jacquinoti,Rattus rattus,0,1,0,0,0,0,0,No studies found
Pachyptila macgillivrayi,All rodents,0,1,0,0,1,0,1,Population study without data in support
Pachyptila macgillivrayi,Mus musculus,0,0,0,0,0,0,1,Only predation in support
Pachyptila macgillivrayi,Rattus norvegicus,0,1,0,0,0,0,0,No studies found
Pachyptila macgillivrayi,Rattus rattus,0,0,0,0,1,0,0,Population study without data in support
Palmeria dolei,All rodents,0,0,0,0,0,0,3,Only predation in support
Palmeria dolei,Rattus exulans,0,0,0,0,0,0,1,Only predation in support
Palmeria dolei,Rattus norvegicus,0,0,0,0,0,0,1,Only predation in support
Palmeria dolei,Rattus rattus,0,0,0,0,0,0,1,Only predation in support
Pampusana canifrons,All rodents,0,0,0,0,0,0,2,Only predation in support
Pampusana canifrons,Rattus exulans,0,0,0,0,0,0,1,Only predation in support
Pampusana canifrons,Rattus norvegicus,0,0,0,0,0,0,1,Only predation in support
Pampusana erythroptera,All rodents,0,1,0,0,0,0,0,No studies found
Pampusana erythroptera,Rattus exulans,0,1,0,0,0,0,0,No studies found
Pampusana erythroptera,Rattus rattus,0,1,0,0,0,0,0,No studies found
Pampusana kubaryi,All rodents,0,1,0,0,0,0,0,No studies found
Pampusana kubaryi,Rattus exulans,0,1,0,0,0,0,0,No studies found
Pampusana kubaryi,Rattus norvegicus,0,1,0,0,0,0,0,No studies found
Pampusana kubaryi,Rattus rattus,0,1,0,0,0,0,0,No studies found
Pampusana salamonis,All rodents,0,1,0,0,0,0,0,No studies found
Pampusana salamonis,Rattus exulans,0,1,0,0,0,0,0,No studies found
Pampusana salamonis,Rattus rattus,0,1,0,0,0,0,0,No studies found
Pampusana sanctaecrucis,All rodents,0,1,0,0,0,0,0,No studies found
Pampusana sanctaecrucis,Rattus rattus,0,1,0,0,0,0,0,No studies found
Pampusana stairi,All rodents,0,1,0,0,0,0,0,No studies found
Pampusana stairi,Rattus exulans,0,1,0,0,0,0,0,No studies found
Pareudiastes pacificus,All rodents,0,1,0,0,0,0,0,No studies found
Pareudiastes pacificus,Rattus exulans,0,1,0,0,0,0,0,No studies found
Pelecanoides garnotii,All rodents,0,1,0,0,0,0,0,No studies found
Pelecanoides garnotii,Rattus norvegicus,0,1,0,0,0,0,0,No studies found
Pelecanoides garnotii,Rattus rattus,0,1,0,0,0,0,0,No studies found
Pelecanoides whenuahouensis,All rodents,0,1,1,0,1,0,0,Population study without data in support
Pelecanoides whenuahouensis,Rattus exulans,0,0,1,0,1,0,0,Population study without data in support
Pelecanoides whenuahouensis,Rattus norvegicus,0,1,0,0,0,0,0,No studies found
Petroica multicolor,All rodents,1,0,0,0,0,0,1,Lethal program in support
Petroica multicolor,Rattus rattus,1,0,0,0,0,0,1,Lethal program in support
Petroica traversi,All rodents,0,1,0,0,0,0,0,No studies found
Petroica traversi,Rattus exulans,0,1,0,0,0,0,0,No studies found
Petroica traversi,Rattus norvegicus,0,1,0,0,0,0,0,No studies found
Petroica traversi,Rattus rattus,0,1,0,0,0,0,0,No studies found
Phalacrocorax featherstoni,All rodents,0,1,0,0,0,0,0,No studies found
Phalacrocorax featherstoni,Rattus norvegicus,0,1,0,0,0,0,0,No studies found
Phalacrocorax featherstoni,Rattus rattus,0,1,0,0,0,0,0,No studies found
Philesturnus rufusater,All rodents,0,1,0,0,0,0,0,No studies found
Philesturnus rufusater,Rattus norvegicus,0,1,0,0,0,0,0,No studies found
Phoebastria immutabilis,All rodents,0,0,0,0,0,0,2,Only predation in support
Phoebastria immutabilis,Mus musculus,0,0,0,0,0,0,2,Only predation in support
Phoebetria fusca,All rodents,0,1,1,0,0,0,3,Only predation in support
Phoebetria fusca,Mus musculus,0,0,0,0,0,0,3,Only predation in support
Phoebetria fusca,Rattus norvegicus,0,1,0,0,0,0,0,No studies found
Phoebetria fusca,Rattus rattus,0,0,1,0,0,0,0,All studies are not in support
Phoebetria palpebrata,All rodents,0,1,0,0,0,0,1,Only predation in support
Phoebetria palpebrata,Mus musculus,0,0,0,0,0,0,1,Only predation in support
Phoebetria palpebrata,Rattus norvegicus,0,1,0,0,0,0,0,No studies found
Phoebetria palpebrata,Rattus rattus,0,1,0,0,0,0,0,No studies found
Phylloscopus amoenus,All rodents,0,1,0,0,0,0,0,No studies found
Phylloscopus amoenus,Rattus exulans,0,1,0,0,0,0,0,No studies found
Phylloscopus amoenus,Rattus rattus,0,1,0,0,0,0,0,No studies found
Ploceus grandis,All rodents,0,1,0,0,0,0,0,No studies found
Ploceus grandis,Rattus rattus,0,1,0,0,0,0,0,No studies found
Pomarea dimidiata,All rodents,1,0,0,0,0,0,0,Lethal program in support
Pomarea dimidiata,Rattus rattus,1,0,0,0,0,0,0,Lethal program in support
Pomarea fluxa,All rodents,0,0,0,0,2,0,0,Population study without data in support
Pomarea fluxa,Rattus exulans,0,0,0,0,1,0,0,Population study without data in support
Pomarea fluxa,Rattus rattus,0,0,0,0,1,0,0,Population study without data in support
Pomarea mendozae,All rodents,0,1,0,0,0,0,0,No studies found
Pomarea mendozae,Rattus exulans,0,1,0,0,0,0,0,No studies found
Pomarea mira,All rodents,0,1,0,0,0,0,0,No studies found
Pomarea mira,Rattus rattus,0,1,0,0,0,0,0,No studies found
Pomarea nigra,All rodents,0,0,1,0,0,1,0,Population study with all qualities in support
Pomarea nigra,Rattus rattus,0,0,1,0,0,1,0,Population study with all qualities in support
Pomarea nukuhivae,All rodents,0,1,0,0,0,0,0,No studies found
Pomarea nukuhivae,Rattus rattus,0,1,0,0,0,0,0,No studies found
Pomarea whitneyi,All rodents,1,0,2,0,1,0,1,Population study without data in support
Pomarea whitneyi,Rattus rattus,1,0,2,0,1,0,1,Population study without data in support
Porphyrio paepae,All rodents,0,1,0,0,0,0,0,No studies found
Porphyrio paepae,Rattus exulans,0,1,0,0,0,0,0,No studies found
Porphyrio paepae,Rattus norvegicus,0,1,0,0,0,0,0,No studies found
Porphyrio paepae,Rattus rattus,0,1,0,0,0,0,0,No studies found
Procellaria aequinoctialis,All rodents,0,0,4,0,0,0,0,All studies are not in support
Procellaria aequinoctialis,Rattus rattus,0,0,4,0,0,0,0,All studies are not in support
Procellaria cinerea,All rodents,0,1,1,0,0,0,2,Only predation in support
Procellaria cinerea,Mus musculus,0,0,0,0,0,0,2,Only predation in support
Procellaria cinerea,Rattus norvegicus,0,1,0,0,0,0,0,No studies found
Procellaria cinerea,Rattus rattus,0,0,1,0,0,0,0,All studies are not in support
Procellaria parkinsoni,All rodents,0,1,0,0,0,0,0,No studies found
Procellaria parkinsoni,Rattus exulans,0,1,0,0,0,0,0,No studies found
Procellaria parkinsoni,Rattus rattus,0,1,0,0,0,0,0,No studies found
Procellaria westlandica,All rodents,0,1,0,0,0,0,0,No studies found
Procellaria westlandica,Rattus exulans,0,1,0,0,0,0,0,No studies found
Procellaria westlandica,Rattus norvegicus,0,1,0,0,0,0,0,No studies found
Procellaria westlandica,Rattus rattus,0,1,0,0,0,0,0,No studies found
Progne modesta,All rodents,0,1,0,0,0,0,0,No studies found
Progne modesta,Rattus norvegicus,0,1,0,0,0,0,0,No studies found
Progne modesta,Rattus rattus,0,1,0,0,0,0,0,No studies found
Prosobonia cancellata,All rodents,0,1,0,0,0,0,0,No studies found
Prosobonia cancellata,Rattus norvegicus,0,1,0,0,0,0,0,No studies found
Prosobonia cancellata,Rattus rattus,0,1,0,0,0,0,0,No studies found
Prosobonia ellisi,All rodents,0,1,0,0,0,0,0,No studies found
Prosobonia ellisi,Rattus exulans,0,1,0,0,0,0,0,No studies found
Prosobonia ellisi,Rattus norvegicus,0,1,0,0,0,0,0,No studies found
Prosobonia ellisi,Rattus rattus,0,1,0,0,0,0,0,No studies found
Prosobonia leucoptera,All rodents,0,1,0,0,0,0,0,No studies found
Prosobonia leucoptera,Rattus exulans,0,1,0,0,0,0,0,No studies found
Prosobonia leucoptera,Rattus norvegicus,0,1,0,0,0,0,0,No studies found
Prosobonia leucoptera,Rattus rattus,0,1,0,0,0,0,0,No studies found
Prosobonia parvirostris,All rodents,0,0,0,0,1,0,0,Population study without data in support
Prosobonia parvirostris,Rattus rattus,0,0,0,0,1,0,0,Population study without data in support
Pseudobulweria aterrima,All rodents,0,1,0,0,0,0,0,No studies found
Pseudobulweria aterrima,Rattus rattus,0,1,0,0,0,0,0,No studies found
Pseudobulweria becki,All rodents,0,1,0,0,0,0,0,No studies found
Pseudobulweria becki,Rattus exulans,0,1,0,0,0,0,0,No studies found
Pseudobulweria becki,Rattus rattus,0,1,0,0,0,0,0,No studies found
Pseudobulweria macgillivrayi,All rodents,0,1,0,0,0,0,0,No studies found
Pseudobulweria macgillivrayi,Rattus exulans,0,1,0,0,0,0,0,No studies found
Pseudobulweria macgillivrayi,Rattus norvegicus,0,1,0,0,0,0,0,No studies found
Pseudobulweria macgillivrayi,Rattus rattus,0,1,0,0,0,0,0,No studies found
Pseudobulweria rostrata,All rodents,0,1,0,0,0,0,0,No studies found
Pseudobulweria rostrata,Rattus exulans,0,1,0,0,0,0,0,No studies found
Pseudobulweria rostrata,Rattus norvegicus,0,1,0,0,0,0,0,No studies found
Pseudobulweria rostrata,Rattus rattus,0,1,0,0,0,0,0,No studies found
Pseudonestor xanthophrys,All rodents,0,0,6,0,0,0,0,All studies are not in support
Pseudonestor xanthophrys,Rattus exulans,0,0,2,0,0,0,0,All studies are not in support
Pseudonestor xanthophrys,Rattus norvegicus,0,0,2,0,0,0,0,All studies are not in support
Pseudonestor xanthophrys,Rattus rattus,0,0,2,0,0,0,0,All studies are not in support
Psittirostra psittacea,All rodents,0,1,0,0,0,0,0,No studies found
Psittirostra psittacea,Rattus exulans,0,1,0,0,0,0,0,No studies found
Psittirostra psittacea,Rattus norvegicus,0,1,0,0,0,0,0,No studies found
Psittirostra psittacea,Rattus rattus,0,1,0,0,0,0,0,No studies found
Pterodroma alba,All rodents,0,0,1,0,0,0,0,All studies are not in support
Pterodroma alba,Rattus exulans,0,0,1,0,0,0,0,All studies are not in support
Pterodroma arminjoniana,All rodents,0,1,0,0,0,0,0,No studies found
Pterodroma arminjoniana,Mus musculus,0,1,0,0,0,0,0,No studies found
Pterodroma atrata,All rodents,0,0,1,0,0,0,1,Only predation in support
Pterodroma atrata,Rattus exulans,0,0,1,0,0,0,1,Only predation in support
Pterodroma baraui,All rodents,0,1,0,0,0,0,0,No studies found
Pterodroma baraui,Rattus norvegicus,0,1,0,0,0,0,0,No studies found
Pterodroma baraui,Rattus rattus,0,1,0,0,0,0,0,No studies found
Pterodroma brevipes,All rodents,0,1,1,0,0,0,0,All studies are not in support
Pterodroma brevipes,Rattus norvegicus,0,1,0,0,0,0,0,No studies found
Pterodroma brevipes,Rattus rattus,0,0,1,0,0,0,0,All studies are not in support
Pterodroma cahow,All rodents,0,1,0,0,0,0,0,No studies found
Pterodroma cahow,Rattus norvegicus,0,1,0,0,0,0,0,No studies found
Pterodroma cahow,Rattus rattus,0,1,0,0,0,0,0,No studies found
Pterodroma caribbaea,All rodents,0,0,0,0,0,0,2,Only predation in support
Pterodroma caribbaea,Rattus norvegicus,0,0,0,0,0,0,1,Only predation in support
Pterodroma caribbaea,Rattus rattus,0,0,0,0,0,0,1,Only predation in support
Pterodroma cookii,All rodents,0,1,1,0,2,2,1,Population study with all qualities in support
Pterodroma cookii,Rattus exulans,0,0,1,0,2,2,1,Population study with all qualities in support
Pterodroma cookii,Rattus rattus,0,1,0,0,0,0,0,No studies found
Pterodroma defilippiana,All rodents,0,1,0,0,0,0,0,No studies found
Pterodroma defilippiana,Rattus norvegicus,0,1,0,0,0,0,0,No studies found
Pterodroma defilippiana,Rattus rattus,0,1,0,0,0,0,0,No studies found
Pterodroma externa,All rodents,0,1,0,0,0,0,2,Only predation in support
Pterodroma externa,Mus musculus,0,0,0,0,0,0,1,Only predation in support
Pterodroma externa,Rattus norvegicus,0,0,0,0,0,0,1,Only predation in support
Pterodroma externa,Rattus rattus,0,1,0,0,0,0,0,No studies found
Pterodroma feae,All rodents,0,1,0,0,0,0,0,No studies found
Pterodroma feae,Rattus norvegicus,0,1,0,0,0,0,0,No studies found
Pterodroma feae,Rattus rattus,0,1,0,0,0,0,0,No studies found
Pterodroma hasitata,All rodents,0,1,0,0,0,0,0,No studies found
Pterodroma hasitata,Rattus norvegicus,0,1,0,0,0,0,0,No studies found
Pterodroma hasitata,Rattus rattus,0,1,0,0,0,0,0,No studies found
Pterodroma incerta,All rodents,0,0,0,0,0,0,4,Only predation in support
Pterodroma incerta,Mus musculus,0,0,0,0,0,0,4,Only predation in support
Pterodroma inexpectata,All rodents,0,1,0,0,0,0,0,No studies found
Pterodroma inexpectata,Rattus rattus,0,1,0,0,0,0,0,No studies found
Pterodroma leucoptera,All rodents,0,1,0,0,0,0,0,No studies found
Pterodroma leucoptera,Rattus rattus,0,1,0,0,0,0,0,No studies found
Pterodroma longirostris,All rodents,0,1,0,0,0,0,0,No studies found
Pterodroma longirostris,Mus musculus,0,1,0,0,0,0,0,No studies found
Pterodroma longirostris,Rattus norvegicus,0,1,0,0,0,0,0,No studies found
Pterodroma madeira,All rodents,0,0,0,2,0,0,1,Population study with data in support
Pterodroma madeira,Rattus rattus,0,0,0,2,0,0,1,Population study with data in support
Pterodroma magentae,All rodents,0,0,0,0,0,0,1,Only predation in support
Pterodroma magentae,Rattus rattus,0,0,0,0,0,0,1,Only predation in support
Pterodroma phaeopygia,All rodents,0,0,2,0,1,0,2,Population study without data in support
Pterodroma phaeopygia,Rattus norvegicus,0,0,1,0,0,0,1,Only predation in support
Pterodroma phaeopygia,Rattus rattus,0,0,1,0,1,0,1,Population study without data in support
Pterodroma pycrofti,All rodents,0,0,0,1,0,0,0,Population study with data in support
Pterodroma pycrofti,Rattus exulans,0,0,0,1,0,0,0,Population study with data in support
Pterodroma sandwichensis,All rodents,3,0,0,0,0,0,3,Lethal program in support
Pterodroma sandwichensis,Rattus exulans,1,0,0,0,0,0,1,Lethal program in support
Pterodroma sandwichensis,Rattus norvegicus,1,0,0,0,0,0,1,Lethal program in support
Pterodroma sandwichensis,Rattus rattus,1,0,0,0,0,0,1,Lethal program in support
Ptilinopus chrysogaster,All rodents,0,1,0,0,0,0,0,No studies found
Ptilinopus chrysogaster,Rattus exulans,0,1,0,0,0,0,0,No studies found
Ptilinopus chrysogaster,Rattus rattus,0,1,0,0,0,0,0,No studies found
Ptilinopus coralensis,All rodents,0,1,0,0,0,0,0,No studies found
Ptilinopus coralensis,Rattus rattus,0,1,0,0,0,0,0,No studies found
Ptilinopus huttoni,All rodents,0,1,0,0,0,0,0,No studies found
Ptilinopus huttoni,Rattus exulans,0,1,0,0,0,0,0,No studies found
Ptilinopus mercierii,All rodents,0,1,0,0,0,0,0,No studies found
Ptilinopus mercierii,Rattus exulans,0,1,0,0,0,0,0,No studies found
Ptilinopus mercierii,Rattus norvegicus,0,1,0,0,0,0,0,No studies found
Ptilinopus mercierii,Rattus rattus,0,1,0,0,0,0,0,No studies found
Ptychoramphus aleuticus,All rodents,0,1,0,1,0,0,0,Population study with data in support
Ptychoramphus aleuticus,Rattus norvegicus,0,1,0,0,0,0,0,No studies found
Ptychoramphus aleuticus,Rattus rattus,0,0,0,1,0,0,0,Population study with data in support
Puffinus bannermani,All rodents,0,1,0,0,0,0,0,No studies found
Puffinus bannermani,Rattus rattus,0,1,0,0,0,0,0,No studies found
Puffinus bryani,All rodents,0,0,0,0,0,0,1,Only predation in support
Puffinus bryani,Rattus rattus,0,0,0,0,0,0,1,Only predation in support
Puffinus heinrothi,All rodents,0,1,0,0,0,0,0,No studies found
Puffinus heinrothi,Rattus exulans,0,1,0,0,0,0,0,No studies found
Puffinus heinrothi,Rattus norvegicus,0,1,0,0,0,0,0,No studies found
Puffinus heinrothi,Rattus rattus,0,1,0,0,0,0,0,No studies found
Puffinus mauretanicus,All rodents,0,1,1,0,0,0,0,All studies are not in support
Puffinus mauretanicus,Rattus norvegicus,0,1,0,0,0,0,0,No studies found
Puffinus mauretanicus,Rattus rattus,0,0,1,0,0,0,0,All studies are not in support
Puffinus myrtae,All rodents,0,0,0,1,1,0,1,Population study with data in support
Puffinus myrtae,Rattus exulans,0,0,0,1,1,0,1,Population study with data in support
Puffinus newelli,All rodents,3,1,0,0,0,0,3,Lethal program in support
Puffinus newelli,Mus musculus,0,1,0,0,0,0,0,No studies found
Puffinus newelli,Rattus exulans,1,0,0,0,0,0,1,Lethal program in support
Puffinus newelli,Rattus norvegicus,1,0,0,0,0,0,1,Lethal program in support
Puffinus newelli,Rattus rattus,1,0,0,0,0,0,1,Lethal program in support
Puffinus opisthomelas,All rodents,0,0,0,0,2,0,0,Population study without data in support
Puffinus opisthomelas,Mus musculus,0,0,0,0,1,0,0,Population study without data in support
Puffinus opisthomelas,Rattus rattus,0,0,0,0,1,0,0,Population study without data in support
Puffinus yelkouan,All rodents,0,0,7,1,0,0,3,Population study with data in support
Puffinus yelkouan,Rattus rattus,0,0,7,1,0,0,3,Population study with data in support
Pyrocephalus dubius,All rodents,0,1,0,0,0,0,0,No studies found
Pyrocephalus dubius,Rattus rattus,0,1,0,0,0,0,0,No studies found
Pyrrhula murina,All rodents,0,1,0,0,0,0,0,No studies found
Pyrrhula murina,Rattus norvegicus,0,1,0,0,0,0,0,No studies found
Pyrrhula murina,Rattus rattus,0,1,0,0,0,0,0,No studies found
Rallus semiplumbeus,All rodents,0,1,0,0,0,0,0,No studies found
Rallus semiplumbeus,Rattus norvegicus,0,1,0,0,0,0,0,No studies found
Rallus semiplumbeus,Rattus rattus,0,1,0,0,0,0,0,No studies found
Ramphocinclus brachyurus,All rodents,0,1,1,0,0,0,0,All studies are not in support
Ramphocinclus brachyurus,Rattus norvegicus,0,1,0,0,0,0,0,No studies found
Ramphocinclus brachyurus,Rattus rattus,0,0,1,0,0,0,0,All studies are not in support
Rhipidura semirubra,All rodents,0,1,0,0,0,0,0,No studies found
Rhipidura semirubra,Rattus exulans,0,1,0,0,0,0,0,No studies found
Rhipidura semirubra,Rattus rattus,0,1,0,0,0,0,0,No studies found
Rhynochetos jubatus,All rodents,0,0,1,0,0,0,3,Only predation in support
Rhynochetos jubatus,Rattus exulans,0,0,0,0,0,0,1,Only predation in support
Rhynochetos jubatus,Rattus norvegicus,0,0,0,0,0,0,1,Only predation in support
Rhynochetos jubatus,Rattus rattus,0,0,1,0,0,0,1,Only predation in support
Rhyticeros narcondami,All rodents,0,1,0,0,0,0,0,No studies found
Rhyticeros narcondami,Rattus rattus,0,1,0,0,0,0,0,No studies found
Rowettia goughensis,All rodents,0,0,0,0,0,0,1,Only predation in support
Rowettia goughensis,Mus musculus,0,0,0,0,0,0,1,Only predation in support
Saxicola dacotiae,All rodents,0,1,0,0,0,0,0,No studies found
Saxicola dacotiae,Rattus norvegicus,0,1,0,0,0,0,0,No studies found
Saxicola dacotiae,Rattus rattus,0,1,0,0,0,0,0,No studies found
Sephanoides fernandensis,All rodents,0,0,2,0,0,0,0,All studies are not in support
Sephanoides fernandensis,Rattus norvegicus,0,0,1,0,0,0,0,All studies are not in support
Sephanoides fernandensis,Rattus rattus,0,0,1,0,0,0,0,All studies are not in support
Siphonorhis americana,All rodents,0,1,0,0,0,0,0,No studies found
Siphonorhis americana,Rattus norvegicus,0,1,0,0,0,0,0,No studies found
Siphonorhis americana,Rattus rattus,0,1,0,0,0,0,0,No studies found
Siphonorhis brewsteri,All rodents,0,1,0,0,0,0,0,No studies found
Siphonorhis brewsteri,Rattus norvegicus,0,1,0,0,0,0,0,No studies found
Siphonorhis brewsteri,Rattus rattus,0,1,0,0,0,0,0,No studies found
Spheniscus humboldti,All rodents,0,0,0,0,0,0,4,Only predation in support
Spheniscus humboldti,Rattus norvegicus,0,0,0,0,0,0,2,Only predation in support
Spheniscus humboldti,Rattus rattus,0,0,0,0,0,0,2,Only predation in support
Spheniscus mendiculus,All rodents,0,1,0,0,0,0,0,No studies found
Spheniscus mendiculus,Rattus norvegicus,0,1,0,0,0,0,0,No studies found
Spheniscus mendiculus,Rattus rattus,0,1,0,0,0,0,0,No studies found
Sterna striata,All rodents,0,1,0,0,0,0,0,No studies found
Sterna striata,Rattus exulans,0,1,0,0,0,0,0,No studies found
Sterna striata,Rattus norvegicus,0,1,0,0,0,0,0,No studies found
Sterna striata,Rattus rattus,0,1,0,0,0,0,0,No studies found
Strigops habroptila,All rodents,0,1,0,0,0,0,0,No studies found
Strigops habroptila,Rattus exulans,0,1,0,0,0,0,0,No studies found
Strigops habroptila,Rattus rattus,0,1,0,0,0,0,0,No studies found
Synthliboramphus craveri,All rodents,0,1,0,0,0,0,0,No studies found
Synthliboramphus craveri,Mus musculus,0,1,0,0,0,0,0,No studies found
Synthliboramphus craveri,Rattus rattus,0,1,0,0,0,0,0,No studies found
Synthliboramphus hypoleucus,All rodents,0,1,0,0,0,0,0,No studies found
Synthliboramphus hypoleucus,Rattus rattus,0,1,0,0,0,0,0,No studies found
Synthliboramphus scrippsi,All rodents,0,1,0,2,0,0,1,Population study with data in support
Synthliboramphus scrippsi,Mus musculus,0,1,0,0,0,0,0,No studies found
Synthliboramphus scrippsi,Rattus rattus,0,0,0,2,0,0,1,Population study with data in support
Synthliboramphus wumizusume,All rodents,0,0,0,0,1,0,2,Population study without data in support
Synthliboramphus wumizusume,Rattus norvegicus,0,0,0,0,1,0,1,Population study without data in support
Synthliboramphus wumizusume,Rattus rattus,0,0,0,0,0,0,1,Only predation in support
Tachycineta euchrysea,All rodents,0,1,0,0,0,0,0,No studies found
Tachycineta euchrysea,Rattus norvegicus,0,1,0,0,0,0,0,No studies found
Tachycineta euchrysea,Rattus rattus,0,1,0,0,0,0,0,No studies found
Telespiza ultima,All rodents,0,1,0,0,0,0,0,No studies found
Telespiza ultima,Rattus rattus,0,1,0,0,0,0,0,No studies found
Thalassarche chlororhynchos,All rodents,0,0,1,0,0,0,2,Only predation in support
Thalassarche chlororhynchos,Mus musculus,0,0,1,0,0,0,2,Only predation in support
Thalassarche chrysostoma,All rodents,0,0,1,0,0,0,1,Only predation in support
Thalassarche chrysostoma,Mus musculus,0,0,1,0,0,0,1,Only predation in support
Thalasseus bernsteini,All rodents,0,1,0,0,0,0,0,No studies found
Thalasseus bernsteini,Rattus norvegicus,0,1,0,0,0,0,0,No studies found
Thalasseus bernsteini,Rattus rattus,0,1,0,0,0,0,0,No studies found
Thalasseus elegans,All rodents,0,1,0,1,0,0,0,Population study with data in support
Thalasseus elegans,Rattus norvegicus,0,1,0,0,0,0,0,No studies found
Thalasseus elegans,Rattus rattus,0,0,0,1,0,0,0,Population study with data in support
Thinornis novaeseelandiae,All rodents,0,1,0,0,0,0,0,No studies found
Thinornis novaeseelandiae,Rattus norvegicus,0,1,0,0,0,0,0,No studies found
Todiramphus gambieri,All rodents,0,1,0,0,0,0,0,No studies found
Todiramphus gambieri,Rattus exulans,0,1,0,0,0,0,0,No studies found
Todiramphus gambieri,Rattus rattus,0,1,0,0,0,0,0,No studies found
Todiramphus godeffroyi,All rodents,0,1,0,0,0,0,0,No studies found
Todiramphus godeffroyi,Rattus exulans,0,1,0,0,0,0,0,No studies found
Todiramphus godeffroyi,Rattus rattus,0,1,0,0,0,0,0,No studies found
Todiramphus pelewensis,All rodents,0,1,0,0,0,0,0,No studies found
Todiramphus pelewensis,Rattus exulans,0,1,0,0,0,0,0,No studies found
Todiramphus pelewensis,Rattus norvegicus,0,1,0,0,0,0,0,No studies found
Todiramphus tutus,All rodents,0,1,0,0,0,0,0,No studies found
Todiramphus tutus,Rattus exulans,0,1,0,0,0,0,0,No studies found
Todiramphus tutus,Rattus norvegicus,0,1,0,0,0,0,0,No studies found
Todiramphus tutus,Rattus rattus,0,1,0,0,0,0,0,No studies found
Treron griveaudi,All rodents,0,1,0,0,0,0,0,No studies found
Treron griveaudi,Rattus rattus,0,1,0,0,0,0,0,No studies found
Tribonyx hodgenorum,All rodents,0,1,0,0,0,0,0,No studies found
Tribonyx hodgenorum,Rattus exulans,0,1,0,0,0,0,0,No studies found
Turdus eremita,All rodents,0,1,0,0,0,0,0,No studies found
Turdus eremita,Rattus rattus,0,1,0,0,0,0,0,No studies found
Turdus xanthorhynchus,All rodents,0,1,0,0,0,0,0,No studies found
Turdus xanthorhynchus,Rattus rattus,0,1,0,0,0,0,0,No studies found
Turnagra capensis,All rodents,0,1,0,0,0,0,0,No studies found
Turnagra capensis,Rattus exulans,0,1,0,0,0,0,0,No studies found
Turnagra capensis,Rattus norvegicus,0,1,0,0,0,0,0,No studies found
Turnagra capensis,Rattus rattus,0,1,0,0,0,0,0,No studies found
Turnagra tanagra,All rodents,0,1,0,0,0,0,0,No studies found
Turnagra tanagra,Rattus exulans,0,1,0,0,0,0,0,No studies found
Turnagra tanagra,Rattus norvegicus,0,1,0,0,0,0,0,No studies found
Turnagra tanagra,Rattus rattus,0,1,0,0,0,0,0,No studies found
Uratelornis chimaera,All rodents,0,1,0,0,0,0,0,No studies found
Uratelornis chimaera,Rattus norvegicus,0,1,0,0,0,0,0,No studies found
Uratelornis chimaera,Rattus rattus,0,1,0,0,0,0,0,No studies found
Vini kuhlii,All rodents,0,1,0,0,0,0,0,No studies found
Vini kuhlii,Rattus rattus,0,1,0,0,0,0,0,No studies found
Vini peruviana,All rodents,0,0,0,0,0,1,0,Population study with all qualities in support
Vini peruviana,Rattus rattus,0,0,0,0,0,1,0,Population study with all qualities in support
Vini ultramarina,All rodents,0,0,0,1,2,0,0,Population study with data in support
Vini ultramarina,Rattus rattus,0,0,0,1,2,0,0,Population study with data in support
Xenicus gilviventris,All rodents,0,0,0,0,0,0,1,Only predation in support
Xenicus gilviventris,Mus musculus,0,0,0,0,0,0,1,Only predation in support
Zapornia monasa,All rodents,0,0,0,0,2,0,0,Population study without data in support
Zapornia monasa,Rattus exulans,0,0,0,0,1,0,0,Population study without data in support
Zapornia monasa,Rattus rattus,0,0,0,0,1,0,0,Population study without data in support
Zapornia palmeri,All rodents,0,1,0,0,0,0,0,No studies found
Zapornia palmeri,Rattus exulans,0,1,0,0,0,0,0,No studies found
Zapornia palmeri,Rattus norvegicus,0,1,0,0,0,0,0,No studies found
Zapornia palmeri,Rattus rattus,0,1,0,0,0,0,0,No studies found
Zapornia sandwichensis,All rodents,0,1,0,0,0,0,0,No studies found
Zapornia sandwichensis,Rattus exulans,0,1,0,0,0,0,0,No studies found
Zapornia sandwichensis,Rattus norvegicus,0,1,0,0,0,0,0,No studies found
Zapornia sandwichensis,Rattus rattus,0,1,0,0,0,0,0,No studies found
Zenaida graysoni,All rodents,0,0,0,0,0,0,1,Only predation in support
Zenaida graysoni,Mus musculus,0,0,0,0,0,0,1,Only predation in support
Zoothera atrigena,All rodents,0,1,0,0,0,0,0,No studies found
Zoothera atrigena,Rattus exulans,0,1,0,0,0,0,0,No studies found
Zoothera atrigena,Rattus rattus,0,1,0,0,0,0,0,No studies found
Zoothera margaretae,All rodents,0,1,0,0,0,0,0,No studies found
Zoothera margaretae,Rattus rattus,0,1,0,0,0,0,0,No studies found
Zoothera terrestris,All rodents,0,1,0,0,0,0,0,No studies found
Zoothera terrestris,Rattus norvegicus,0,1,0,0,0,0,0,No studies found
Zoothera terrestris,Rattus rattus,0,1,0,0,0,0,0,No studies found
Zoothera turipavae,All rodents,0,1,0,0,0,0,0,No studies found
Zoothera turipavae,Rattus exulans,0,1,0,0,0,0,0,No studies found
Zoothera turipavae,Rattus rattus,0,1,0,0,0,0,0,No studies found
Zosterops albogularis,All rodents,0,0,0,0,1,0,0,Population study without data in support
Zosterops albogularis,Rattus rattus,0,0,0,0,1,0,0,Population study without data in support
Zosterops chloronothos,All rodents,2,0,0,0,0,0,1,Lethal program in support
Zosterops chloronothos,Rattus norvegicus,1,0,0,0,0,0,0,Lethal program in support
Zosterops chloronothos,Rattus rattus,1,0,0,0,0,0,1,Lethal program in support
Zosterops modestus,All rodents,0,0,1,1,1,0,0,Population study with data in support
Zosterops modestus,Rattus norvegicus,0,0,0,0,1,0,0,Population study without data in support
Zosterops modestus,Rattus rattus,0,0,1,1,0,0,0,Population study with data in support
Zosterops mouroniensis,All rodents,0,1,0,0,0,0,0,No studies found
Zosterops mouroniensis,Rattus rattus,0,1,0,0,0,0,0,No studies found
Zosterops rotensis,All rodents,0,0,2,0,0,0,0,All studies are not in support
Zosterops rotensis,Rattus exulans,0,0,1,0,0,0,0,All studies are not in support
Zosterops rotensis,Rattus rattus,0,0,1,0,0,0,0,All studies are not in support
Zosterops samoensis,All rodents,0,1,0,0,0,0,0,No studies found
Zosterops samoensis,Rattus rattus,0,1,0,0,0,0,0,No studies found
Zosterops strenuus,All rodents,0,0,0,0,1,0,0,Population study without data in support
Zosterops strenuus,Rattus rattus,0,0,0,0,1,0,0,Population study without data in support
Zosterops tenuirostris,All rodents,2,1,0,0,0,0,2,Lethal program in support
Zosterops tenuirostris,Mus musculus,0,1,0,0,0,0,0,No studies found
Zosterops tenuirostris,Rattus exulans,1,0,0,0,0,0,1,Lethal program in support
Zosterops tenuirostris,Rattus rattus,1,0,0,0,0,0,1,Lethal program in support
